"FullName","Length","Extension"
"Y:\Materiais para participantes\Casos Oficinas Seminário Regional",,""
"Y:\Materiais para participantes\Guia de profissionais e de estudantes SGP",,""
"Y:\Materiais para participantes\Gestão Presente na Escola (GPE)",,""
"Y:\Materiais para participantes\Gestão Presente na Educação Infantil (GPEI)",,""
"Y:\Materiais para participantes\Cartilha de uso da API - MEC Gestão Presente.pdf","1702143",".pdf"
"Y:\Materiais para participantes\Percurso Operacional MEC Gestao Presente OPERADOR.pdf","8333280",".pdf"
"Y:\Materiais para participantes\Paineis Temáticos 1 e 2 - MEC Gestão Presente.pdf","10396256",".pdf"
"Y:\Materiais para participantes\Programação do evento - Maceió.pdf","379053",".pdf"
"Y:\Materiais para participantes\Manual SGP (nova versão) - Volume 1.pdf","9782857",".pdf"
"Y:\Materiais para participantes\Cartilha de orientações iniciais para redes de ensino - MEC Gestão Presente.pdf","1957945",".pdf"
"Y:\Materiais para participantes\Modelo Ofício Desistência - GPE.docx","1676233",".docx"
"Y:\Materiais para participantes\Mapa de Rotinas - MEC Gestão Presente.pdf","1125586",".pdf"
"Y:\Materiais para participantes\Casos Oficinas Seminário Regional\Caso Oficina SGP.pdf","67873",".pdf"
"Y:\Materiais para participantes\Casos Oficinas Seminário Regional\Caso Oficina GPEI.pdf","95996",".pdf"
"Y:\Materiais para participantes\Casos Oficinas Seminário Regional\Caso Oficina GPE.pdf","93495",".pdf"
"Y:\Materiais para participantes\Guia de profissionais e de estudantes SGP\Profissionais - Guia de Edição de Dados de Formação - SGP (versão atualizada).pdf","62851",".pdf"
"Y:\Materiais para participantes\Guia de profissionais e de estudantes SGP\QRCode SGP.jpg","106137",".jpg"
"Y:\Materiais para participantes\Guia de profissionais e de estudantes SGP\Profissionais - Guia de Edição de Vínculo - SGP (versão atualizada).pdf","62626",".pdf"
"Y:\Materiais para participantes\Guia de profissionais e de estudantes SGP\Estudante - Guia de Cadastro de Estudante sem Turma - SGP (versão atualizada).pdf","86155",".pdf"
"Y:\Materiais para participantes\Guia de profissionais e de estudantes SGP\Frequência - Guia de Cadastro de Frequência de Matrícula - SGP (versão atualizada).pdf","65101",".pdf"
"Y:\Materiais para participantes\Guia de profissionais e de estudantes SGP\Profissionais - Guia de Edição de Dados Pessoais - SGP (versão atualizada).pdf","76341",".pdf"
"Y:\Materiais para participantes\Guia de profissionais e de estudantes SGP\Profissionais - Guia de Adição de Formação - SGP (versão atualizada).pdf","63851",".pdf"
"Y:\Materiais para participantes\Guia de profissionais e de estudantes SGP\Profissionais - Guia de Adição de Vínculo - SGP (versão atualizada).pdf","62484",".pdf"
"Y:\Materiais para participantes\Guia de profissionais e de estudantes SGP\Estudante - Guia de Edição de Dados Pessoais de Estudantes - SGP (versão atualizada).pdf","88132",".pdf"
"Y:\Materiais para participantes\Gestão Presente na Escola (GPE)\GPE Percurso operacional Visao Gestor escolar da educaçao infantil.pdf","6563978",".pdf"
"Y:\Materiais para participantes\Gestão Presente na Escola (GPE)\GPE Percurso operacional Visao Docentes da Educação Infantil.pdf","4308496",".pdf"
"Y:\Materiais para participantes\Gestão Presente na Escola (GPE)\GPE Percurso operacional Visao Secretarias.pdf","5272463",".pdf"
"Y:\Materiais para participantes\Gestão Presente na Escola (GPE)\QRCode GPE.jpg","106309",".jpg"
"Y:\Materiais para participantes\Gestão Presente na Escola (GPE)\GPE Percurso operacional Visao Gestor escolar.pdf","7191743",".pdf"
"Y:\Materiais para participantes\Gestão Presente na Escola (GPE)\GPE Percurso operacional Visao Docentes.pdf","4587340",".pdf"
"Y:\Materiais para participantes\Gestão Presente na Escola (GPE)\GPE Percurso Operacional Visao Secretarias Educacao Infantil.pdf","5393962",".pdf"
"Y:\Materiais para participantes\Gestão Presente na Educação Infantil (GPEI)\Card de Divulgação",,""
"Y:\Materiais para participantes\Gestão Presente na Educação Infantil (GPEI)\Cartilhas",,""
"Y:\Materiais para participantes\Gestão Presente na Educação Infantil (GPEI)\Materiais Impressos Oficina",,""
"Y:\Materiais para participantes\Gestão Presente na Educação Infantil (GPEI)\Vídeos GPEI",,""
"Y:\Materiais para participantes\Gestão Presente na Educação Infantil (GPEI)\QRCode GPEI","106856",""
"Y:\Materiais para participantes\Gestão Presente na Educação Infantil (GPEI)\Organização da equipe municipal responsável pelo GPEI.png","3128053",".png"
"Y:\Materiais para participantes\Gestão Presente na Educação Infantil (GPEI)\Template 3 — Plano de Apoio às Unidades Escolares.png","2439769",".png"
"Y:\Materiais para participantes\Gestão Presente na Educação Infantil (GPEI)\Matriz de riscos e soluções.png","3104695",".png"
"Y:\Materiais para participantes\Gestão Presente na Educação Infantil (GPEI)\GPEI Percurso Operacional Perfil Responsável Legal.pdf","1555379",".pdf"
"Y:\Materiais para participantes\Gestão Presente na Educação Infantil (GPEI)\GPEI Percurso Operacional Gestor Escolar.pdf","1536009",".pdf"
"Y:\Materiais para participantes\Gestão Presente na Educação Infantil (GPEI)\GPEI Percurso Operacional Gestor_Municipal.pdf","1720026",".pdf"
"Y:\Materiais para participantes\Gestão Presente na Educação Infantil (GPEI)\Cartilhas\Gestor Escolar",,""
"Y:\Materiais para participantes\Gestão Presente na Educação Infantil (GPEI)\Cartilhas\Gestor Municipal",,""
"Y:\Materiais para participantes\Gestão Presente na Educação Infantil (GPEI)\Cartilhas\Responsável Legal",,""
"Y:\Materiais para participantes\Gestão Presente na Educação Infantil (GPEI)\Cartilhas\Gestor Municipal\Critérios de Priorização (6).pdf","1102354",".pdf"
"Y:\Materiais para participantes\Gestão Presente na Educação Infantil (GPEI)\Cartilhas\Gestor Municipal\Cartilha 3 - Gestor Municipal (6).pdf","3774740",".pdf"
"Y:\Materiais para participantes\Gestão Presente na Educação Infantil (GPEI)\Cartilhas\Gestor Municipal\Cartilha 1 Gestor Municipal.pdf","4957537",".pdf"
"Y:\Materiais para participantes\Gestão Presente na Educação Infantil (GPEI)\Cartilhas\Gestor Municipal\Cartilha 2 - Gestor Municipal.pdf","5405351",".pdf"
"Y:\Materiais para participantes\Gestão Presente na Educação Infantil (GPEI)\Materiais Impressos Oficina\Organização da equipe municipal responsável pelo GPEI.pdf","1113999",".pdf"
"Y:\Materiais para participantes\Gestão Presente na Educação Infantil (GPEI)\Materiais Impressos Oficina\FLUXO GPEI.pdf","2128884",".pdf"
"Y:\Materiais para participantes\Gestão Presente na Educação Infantil (GPEI)\Materiais Impressos Oficina\Matriz de riscos e soluções.pdf","1237772",".pdf"
"Y:\Materiais para participantes\Gestão Presente na Educação Infantil (GPEI)\Materiais Impressos Oficina\DOC DE SINTESE.pdf","1565329",".pdf"
"Y:\Materiais para participantes\Gestão Presente na Educação Infantil (GPEI)\Materiais Impressos Oficina\Template 3 — Plano de Apoio às Unidades Escolares.pdf","1199850",".pdf"
"Y:\Materiais para participantes\Gestão Presente na Educação Infantil (GPEI)\Materiais Impressos Oficina\Preenchimento do calendário municipal.pdf","281296",".pdf"
"Y:\Materiais para participantes\Gestão Presente na Educação Infantil (GPEI)\Vídeos GPEI\2. Gestor Escolar - Oficina.mp4","251925539",".mp4"
"Y:\Materiais para participantes\Gestão Presente na Educação Infantil (GPEI)\Vídeos GPEI\3. Responsável Legal - Oficina.mp4","313694632",".mp4"
"Y:\Materiais para participantes\Gestão Presente na Educação Infantil (GPEI)\Vídeos GPEI\1. Gestor Municipal - Oficina.mp4","253120936",".mp4"
"Y:\Materiais para participantes\Gestão Presente na Educação Infantil (GPEI)\Vídeos GPEI\4. Lagoa Verde - Oficina.mp4","90405893",".mp4"
